date,basket_index,ma60,ret60,bull,down,up
2024-05-28,1.0,,,False,False,False
2024-05-29,0.9860870173889598,,,False,False,False
2024-05-30,0.9925493610616479,,,False,False,False
2024-05-31,0.9983864201773955,,,False,False,False
2024-06-03,1.0010783946758266,,,False,False,False
2024-06-04,0.9999742384682735,,,False,False,False
2024-06-05,1.000387949313564,,,False,False,False
2024-06-06,0.9910450652989732,,,False,False,False
2024-06-07,0.9828511268494718,,,False,False,False
2024-06-11,1.0112164971982391,,,False,False,False
2024-06-12,1.0012031109950363,,,False,False,False
2024-06-13,1.0080602823338953,,,False,False,False
2024-06-14,1.03237908787267,,,False,False,False
2024-06-17,1.0390555061183073,,,False,False,False
2024-06-18,1.0532686032240057,,,False,False,False
2024-06-19,1.0467565780636465,,,False,False,False
2024-06-20,1.0200636770774276,,,False,False,False
2024-06-21,1.0232949255888524,,,False,False,False
2024-06-24,0.9872531672716978,,,False,False,False
2024-06-25,0.9601129474494315,,,False,False,False
2024-06-26,1.0010757093138662,,,False,False,False
2024-06-27,0.9767751131589552,,,False,False,False
2024-06-28,0.9925012651457565,,,False,False,False
2024-07-01,1.0002385271036023,,,False,False,False
2024-07-02,0.9874714813319139,,,False,False,False
2024-07-03,0.9767960561338276,,,False,False,False
2024-07-04,0.9614628017259164,,,False,False,False
2024-07-05,0.9664982882166008,,,False,False,False
2024-07-08,0.9545573000356736,,,False,False,False
2024-07-09,1.0028719825498824,,,False,False,False
2024-07-10,1.012358242960771,,,False,False,False
2024-07-11,1.0287554115683872,,,False,False,False
2024-07-12,1.018293888243713,,,False,False,False
2024-07-15,1.0095729377637577,,,False,False,False
2024-07-16,1.0328263707923546,,,False,False,False
2024-07-17,1.0047824648466959,,,False,False,False
2024-07-18,0.9971099732806209,,,False,False,False
2024-07-19,1.0019518756553494,,,False,False,False
2024-07-22,1.0099939479073756,,,False,False,False
2024-07-23,0.9768476455306417,,,False,False,False
2024-07-24,0.9750678919673395,,,False,False,False
2024-07-25,0.9536122583993707,,,False,False,False
2024-07-26,0.9668492021215176,,,False,False,False
2024-07-29,0.973340312578464,,,False,False,False
2024-07-30,0.9702524490701524,,,False,False,False
2024-07-31,1.0001851752074575,,,False,False,False
2024-08-01,1.0002178592065154,,,False,False,False
2024-08-02,0.9645161398015843,,,False,False,False
2024-08-05,0.9077736336473734,,,False,False,False
2024-08-06,0.925785510710385,,,False,False,False
2024-08-07,0.9190977123328494,,,False,False,False
2024-08-08,0.9090004235086935,,,False,False,False
2024-08-09,0.9129129914708228,,,False,False,False
2024-08-12,0.9092393755752451,,,False,False,False
2024-08-13,0.9209226025440552,,,False,False,False
2024-08-14,0.9189393956178332,,,False,False,False
2024-08-15,0.9297778199386207,,,False,False,False
2024-08-16,0.9371041137185802,,,False,False,False
2024-08-19,0.9339858226777188,,,False,False,False
2024-08-20,0.9170853397145939,0.981557187825036,,False,False,False
2024-08-21,0.9148812785181881,0.9801385424670058,-0.08511872148181188,False,True,False
2024-08-22,0.9037543108760043,0.9787663306917899,-0.0834943621212686,False,True,False
2024-08-23,0.9008743619050235,0.9772384140391794,-0.09236316374086151,False,True,False
2024-08-26,0.898196295319371,0.9755685786248789,-0.10035205090251786,False,True,False
2024-08-27,0.8808626921864757,0.9735649835833898,-0.12008620216829236,False,True,False
2024-08-28,0.8879164317468684,0.9716973534713664,-0.11206069357651793,False,True,False
2024-08-29,0.8954761262838716,0.9699488230875382,-0.10487113834355921,False,True,False
2024-08-30,0.9231978032895701,0.9688180353873815,-0.06846031970194544,False,True,False
2024-09-02,0.8946144108261079,0.9673474234536588,-0.08977627802717858,False,True,False
2024-09-03,0.9017984817463659,0.9655237898627942,-0.10820434175573279,False,True,False
2024-09-04,0.884374796407534,0.9635766512863359,-0.11668792606067069,False,True,False
2024-09-05,0.8889586345783919,0.9615916238237442,-0.11814933079176104,False,True,False
2024-09-06,0.8648376872561404,0.958799267146802,-0.16228670513054166,False,True,False
2024-09-09,0.8627067448864228,0.9558601211262705,-0.16972025093316367,False,True,False
2024-09-10,0.8789641307122533,0.952955046584408,-0.1654890993410556,False,True,False
2024-09-11,0.8770357869216197,0.950126366732041,-0.16213969388755756,False,True,False
2024-09-12,0.8716888462982397,0.947653452885721,-0.1454564397433451,False,True,False
2024-09-13,0.865467059833584,0.9450229884564666,-0.1542349735238321,False,True,False
2024-09-18,0.85793377632041,0.9428676652739452,-0.13098908693163835,False,True,False
2024-09-19,0.8628426591692848,0.9412464938026093,-0.10131129732032895,False,True,False
2024-09-20,0.8624452295320449,0.9389359858062457,-0.1384815139274912,False,True,False
2024-09-23,0.8655158019024044,0.9370816639519699,-0.11390473585750027,False,True,False
2024-09-24,0.9046026727488489,0.9356166874120214,-0.08856270060673332,False,True,False
2024-09-25,0.9114762704529749,0.9341373164678443,-0.08874108949557957,False,True,False
2024-09-26,0.9439063710282575,0.9334112312961166,-0.04411784150454168,False,False,True
2024-09-27,1.005368860608793,0.9338874447040326,0.029251555936923967,False,False,True
2024-09-30,1.1317997820832806,0.9367263943766555,0.17716439996596156,False,False,True
2024-10-08,1.2796152637129186,0.9419450106349275,0.3239705432630269,True,False,False
2024-10-09,1.2104254438088888,0.9462094796978143,0.26804901472510134,True,False,False
2024-10-10,1.1725582287652205,0.9490375838014032,0.16920030588938895,False,False,True
2024-10-11,1.1194592467652618,0.950822600531478,0.10579358102647562,False,False,True
2024-10-14,1.17259500419721,0.9532199270752919,0.13981903862797895,False,False,True
2024-10-15,1.160010300083457,0.955581867272621,0.13917044330312867,False,False,True
2024-10-16,1.135696686828488,0.9576839297570331,0.12492782279217884,False,False,True
2024-10-17,1.161885453177567,0.9598349144634534,0.12495719129073168,False,False,True
2024-10-18,1.243959822880706,0.9638212037640201,0.23803894514670154,True,False,False
2024-10-21,1.2814960893889782,0.9685609723658261,0.2852103817322076,True,False,False
2024-10-22,1.2855481776903541,0.9732875773997429,0.2830438356627778,True,False,False
2024-10-23,1.2742065251475343,0.9776911203537455,0.2615981786698678,True,False,False
2024-10-24,1.282730734216782,0.9827891718318479,0.31313285145912273,True,False,False
2024-10-25,1.2957794946263352,0.9881343652094977,0.3289120740217526,True,False,False
2024-10-28,1.3093216086340396,0.9940628543800756,0.37301256050517195,True,False,False
2024-10-29,1.2965055817749267,0.999557127374299,0.3409594577210775,True,False,False
2024-10-30,1.3124265098557477,1.005208563995587,0.34837373208042166,True,False,False
2024-10-31,1.3310404848730046,1.0112216979256348,0.37184965227206157,True,False,False
2024-11-01,1.2672718499081381,1.0156731425039793,0.26703722602695223,True,False,False
2024-11-04,1.2947484089885566,1.0205819850003468,0.294466397566322,True,False,False
2024-11-05,1.3467701829107157,1.0269528857188321,0.39631689645729185,True,False,False
2024-11-06,1.3382754591023642,1.034127916143082,0.47423918199217074,True,False,False
2024-11-07,1.3616298404586744,1.0413919883055536,0.4707832696731795,True,False,False
2024-11-08,1.390072186186444,1.0492415628697802,0.5124313416667847,True,False,False
2024-11-11,1.4479777596682615,1.0582245184724397,0.5929340869602062,True,False,False
2024-11-12,1.4327319680022554,1.0668881680812967,0.5694069220046216,True,False,False
2024-11-13,1.4449314663868493,1.0758163695948235,0.5891650814975868,True,False,False
2024-11-14,1.378778066676402,1.0834472939970292,0.4971704059250124,True,False,False
2024-11-15,1.3302101700427675,1.0903018069041117,0.4475493992162818,True,False,False
2024-11-18,1.2722896218964121,1.0960103369367415,0.3683802674281931,True,False,False
2024-11-19,1.3112096651356797,1.1022454294603596,0.3992145012922721,True,False,False
2024-11-20,1.33527922801643,1.1089336528826716,0.42965684873910726,True,False,False
2024-11-21,1.3396119615674253,1.1159757632468856,0.46072770281588604,True,False,False
2024-11-22,1.289846617052593,1.122225185555792,0.40985136250872634,True,False,False
2024-11-25,1.2676152408382926,1.128289534388497,0.4026104501892773,True,False,False
2024-11-26,1.256163407807528,1.1342110184868721,0.3943824587828173,True,False,False
2024-11-27,1.2913006132513023,1.1407627571190708,0.437659696416534,True,False,False
2024-11-28,1.2797365988193181,1.1474106555629515,0.45282188719192806,True,False,False
2024-11-29,1.305883804591983,1.1543767784437036,0.4707282779110351,True,False,False
2024-12-02,1.3378772230947091,1.1617501300572175,0.4940400797135194,True,False,False
2024-12-03,1.3206925911863856,1.1683750431888311,0.4305629697995905,True,False,False
2024-12-04,1.301809164581223,1.1751616224180832,0.45516230101759936,True,False,False
2024-12-05,1.320205293574075,1.1821350692818782,0.46396930167530215,True,False,False
2024-12-06,1.33265917310677,1.1896064755601985,0.5068941115466383,True,False,False
2024-12-09,1.3166227557221108,1.1967342109125942,0.4810843885289984,True,False,False
2024-12-10,1.3150823442855062,1.2042382885297502,0.5206117444509748,True,False,False
2024-12-11,1.3446409169163756,1.2122705247302494,0.5586303513755422,True,False,False
2024-12-12,1.3547288781208175,1.2201999371870589,0.5412789109187386,True,False,False
2024-12-13,1.3401088181603211,1.227917821041037,0.5279978743673388,True,False,False
2024-12-16,1.3427602688848994,1.2357690114174815,0.5404123553801756,True,False,False
2024-12-17,1.328511078900104,1.2434864117352569,0.5350221176015137,True,False,False
2024-12-18,1.347280481914787,1.25164219016183,0.5703781796459102,True,False,False
2024-12-19,1.4232329611351213,1.260982028527927,0.649469861058285,True,False,False
2024-12-20,1.4571444138621992,1.2708936816000964,0.6895500884767287,True,False,False
2024-12-23,1.441917937403606,1.2805003838584497,0.6659637342660518,True,False,False
2024-12-24,1.4616110977556491,1.289783857608563,0.6157492585271704,True,False,False
2024-12-25,1.4555701167028106,1.2988520883793937,0.5969369295587237,True,False,False
2024-12-26,1.5356211645737303,1.3087140016051515,0.6268786944417803,True,False,False
2024-12-27,1.5055916230806947,1.3170510476463497,0.49755147794113697,True,False,False
2024-12-30,1.4937514370422353,1.323083575228999,0.31980184188825156,True,False,False
2024-12-31,1.418575960647729,1.3253995868445791,0.10859568565289202,False,False,True
2025-01-02,1.3771727283765345,1.32817870825404,0.1377592361599207,False,False,True
2025-01-03,1.314361942090877,1.3305421034761342,0.12093532742931234,False,False,False
2025-01-06,1.3035312457120507,1.3336099701252475,0.1644293880984724,False,False,False
2025-01-07,1.3766161259567762,1.3370103221545735,0.17399112313227416,False,False,True
2025-01-08,1.379463324195623,1.3406678725564432,0.18918196165704515,False,False,True
2025-01-09,1.3928806923016388,1.3449542726476622,0.22645483468949368,True,False,False
2025-01-10,1.3402254261830746,1.3479266055310872,0.15349187178286527,False,False,False
2025-01-13,1.3288533467502708,1.3493414975955802,0.06824458660808852,False,False,False
2025-01-14,1.4062890794768732,1.3514213807637117,0.09738070300893131,False,False,True
2025-01-15,1.3912062554241877,1.353182348725942,0.08218912333854456,False,False,True
2025-01-16,1.417006328710619,1.3555623454519936,0.11206959056072208,False,False,True
2025-01-17,1.4213849371772818,1.3578732488346685,0.10809299197556088,False,False,True
2025-01-20,1.4572941007612636,1.3605651589369174,0.12464667546039876,False,False,True
2025-01-21,1.4858689149587418,1.3635076140423292,0.13483876318889032,False,False,True
2025-01-22,1.511804064351835,1.3670959220852774,0.16606059056233513,False,False,True
2025-01-23,1.4806387647002388,1.3698994596660192,0.1281688944724073,False,False,True
2025-01-24,1.5131724153947723,1.3729349918413818,0.1368342530461386,False,False,True
2025-01-27,1.4342067080617376,1.3757172394772752,0.13172774110440488,False,False,True
2025-02-05,1.420166738022584,1.3778075449611755,0.09686694972037291,False,False,True
2025-02-06,1.4646735918694005,1.3797726017771539,0.08754530687920736,False,False,True
2025-02-07,1.5055915757758573,1.3825612037217117,0.12502367545895132,False,False,True
2025-02-10,1.535454667905945,1.3854582841791665,0.12765938457159298,False,False,True
2025-02-11,1.5252120866194105,1.3877106158530492,0.09721790118232088,False,False,True
2025-02-12,1.5704087076879425,1.3897511316533773,0.08455305836170468,False,False,True
2025-02-13,1.5391262615728498,1.3915243698795539,0.07425973311598977,False,False,True
2025-02-14,1.5481684855078064,1.3932449868649033,0.07144769251866889,False,False,True
2025-02-17,1.617424610994546,1.3972224292702056,0.17308553862726495,False,False,True
2025-02-18,1.5713141623537505,1.401240829142055,0.18125255522834505,False,False,True
2025-02-19,1.6120059474991235,1.4069027679021004,0.2670117870617752,True,False,False
2025-02-20,1.6157097626561854,1.4119777695274423,0.23222838087377662,True,False,False
2025-02-21,1.7165678329147054,1.41833257960908,0.28554971641750404,True,False,False
2025-02-24,1.7254345974665002,1.4247629568740647,0.2880107426389651,True,False,False
2025-02-25,1.700708488971362,1.4316106547393774,0.31853544947663814,True,False,False
2025-02-26,1.716165338679073,1.4390864897033906,0.3538535064820991,True,False,False
2025-02-27,1.6678621995653184,1.4459481362326871,0.3277430222843043,True,False,False
2025-02-28,1.5676726810537442,1.4505543373627277,0.21402612603627458,True,False,False
2025-03-03,1.5296480219428108,1.4547195277481193,0.19528348517504335,False,False,True
2025-03-04,1.548031232749272,1.4587553182174073,0.18542800462476583,False,False,True
2025-03-05,1.587015822961279,1.4629076282151836,0.18621932982032185,False,False,True
2025-03-06,1.6253563103414774,1.4679853568677685,0.23068480976440608,True,False,False
2025-03-07,1.6079745409019006,1.4730881131397797,0.23518452984556104,True,False,False
2025-03-10,1.6146739054611914,1.477995923337898,0.22304759215888903,True,False,False
2025-03-11,1.6202730966813148,1.4827894887308075,0.2158195654062418,True,False,False
2025-03-12,1.6321445780670825,1.4880481857698902,0.239644819272413,True,False,False
2025-03-13,1.6005944657823445,1.492806721128171,0.2171058890247357,True,False,False
2025-03-14,1.6504468388234428,1.4979034864932887,0.22742571496958663,True,False,False
2025-03-17,1.659761864125883,1.5029873695933733,0.22516164741995093,True,False,False
2025-03-18,1.660570371576087,1.508328395483636,0.23913099374697788,True,False,False
2025-03-19,1.6111804886679468,1.5128020658133532,0.19990181866637902,False,False,True
2025-03-20,1.5901280191889438,1.5171623481515009,0.1969249217744098,False,False,True
2025-03-21,1.5510326344549474,1.5205582173605032,0.15123217123325583,False,False,True
2025-03-24,1.5481732248515019,1.52264055508911,0.08778623537269148,False,False,True
2025-03-25,1.4908596040764917,1.5232024749260147,0.02313785091824183,False,False,False
2025-03-26,1.489071303060584,1.523988364353631,0.03270183720849262,False,False,False
2025-03-27,1.4841084510433535,1.5243633202417592,0.015392160966928747,False,False,False
2025-03-28,1.4675496594550852,1.5245629792876303,0.008230137878490584,False,False,False
2025-03-31,1.4718423331606814,1.5234999987640796,-0.041532920282948305,False,True,False
2025-04-01,1.4632901653989394,1.5227949744693838,-0.028096236079740766,False,True,False
2025-04-02,1.4693528689954727,1.5223883316686044,-0.01633375369002088,False,True,False
2025-04-03,1.4317807159382054,1.5226084109234457,0.009308458381352303,False,False,False
2025-04-07,1.2407524986884813,1.5203347404286447,-0.09905818411672351,False,True,False
2025-04-08,1.2017184413733069,1.5184573487500186,-0.08570204074714582,False,True,False
2025-04-09,1.2375928521845223,1.5173583755245597,-0.05058443650233313,False,True,False
2025-04-10,1.2860903217373862,1.5158496121209033,-0.06575965696789488,False,True,False
2025-04-11,1.3174399671895838,1.514815889504136,-0.0449619470979451,False,True,False
2025-04-14,1.3353284489125952,1.513856685447652,-0.041318860766131005,False,True,False
2025-04-15,1.3307950973818088,1.513699513300964,-0.007036375088124602,False,True,False
2025-04-16,1.30595292201651,1.5133178395554014,-0.01723322200283728,False,True,False
2025-04-17,1.30416288059125,1.511615736240641,-0.0726210566348231,False,True,False
2025-04-18,1.3099700663882476,1.510261799756709,-0.05839262777838117,False,True,False
2025-04-21,1.3431495951568577,1.5090308541974793,-0.05212166809513541,False,True,False
2025-04-22,1.317224485188034,1.5072948466643252,-0.07328095948174274,False,True,False
2025-04-23,1.3423165670902744,1.5053785544364755,-0.07889796137301808,False,True,False
2025-04-24,1.306961408069781,1.5023967626549928,-0.1204059827134406,False,True,False
2025-04-25,1.3227627676923637,1.499246074377335,-0.12504351662827418,False,True,False
2025-04-28,1.3236791754288142,1.496630081222811,-0.10600802370806606,False,True,False
2025-04-29,1.322297798899801,1.4934488376145616,-0.12614201432238892,False,True,False
2025-04-30,1.350718509304562,1.4920573676352755,-0.058212110073035395,False,True,False
2025-05-06,1.4121282182861874,1.4919233923063355,-0.005660264757073041,False,True,False
2025-05-07,1.3971874677838085,1.4907986235715756,-0.04607587960909276,False,True,False
2025-05-08,1.4275905580256363,1.489498606609072,-0.05180755458865116,False,True,False
2025-05-09,1.3915506774494601,1.4871002067681305,-0.09372076783793393,False,True,False
2025-05-12,1.4176352104895116,1.4853072588326321,-0.0705324046889374,False,True,False
2025-05-13,1.4098806260558832,1.4826317908054312,-0.10222057534843854,False,True,False
2025-05-14,1.4178215883178475,1.4806100462511813,-0.07881398445572596,False,True,False
2025-05-15,1.3667690938092292,1.4775867230562048,-0.11717031666555167,False,True,False
2025-05-16,1.3707132679506118,1.4734748673388058,-0.15253344197120433,False,True,False
2025-05-19,1.3636472821028074,1.4700137526679569,-0.13216127317268522,False,True,False
2025-05-20,1.3709742059025634,1.465996556974681,-0.14952286123416503,False,True,False
2025-05-21,1.3552644330981714,1.4616558014820475,-0.16119561543643124,False,True,False
2025-05-22,1.3443523766085967,1.4554522105436123,-0.21683702162476892,False,True,False
2025-05-23,1.316895044698851,1.4486432179974846,-0.23677487015011656,False,True,False
2025-05-26,1.3375822794736787,1.4425911145058565,-0.2135146686527758,False,True,False
2025-05-27,1.3121851758238148,1.4358581117916023,-0.23539699453795082,False,True,False
2025-05-28,1.3109325650321149,1.4299092845493822,-0.21400427123189636,False,True,False
2025-05-29,1.3418208400737035,1.426145087199715,-0.14406823803820434,False,True,False
2025-05-30,1.312704148599902,1.422529355977333,-0.14182600848747395,False,True,False
2025-06-03,1.3098394828181104,1.4185594934784804,-0.15386753502908201,False,True,False
2025-06-04,1.3438630557879334,1.4145069473589247,-0.153213826639508,False,True,False
2025-06-05,1.4019262208297067,1.4107831125337285,-0.13746529797200557,False,True,False
2025-06-06,1.413169282945294,1.4075363582344518,-0.1211494666124141,False,False,True
2025-06-09,1.4295157665339537,1.4044503892523312,-0.1146721565890122,False,False,True
2025-06-10,1.4118792965832296,1.4009771592506965,-0.12861646627653245,False,False,True
2025-06-11,1.4091437725149096,1.3972604791581602,-0.13663054642883932,False,False,True
2025-06-12,1.4187512516173342,1.3942297589220765,-0.11360979814217231,False,False,True
2025-06-13,1.3982423056656081,1.3900263500361127,-0.1528098495663297,False,False,True
2025-06-16,1.4282074005273053,1.3861671089761363,-0.13951065427119347,False,False,True
2025-06-17,1.4168269080002636,1.3821047179165393,-0.14678297755275527,False,False,True
2025-06-18,1.4487203581958368,1.3793970490753376,-0.10083298029907561,False,False,True
2025-06-19,1.4417872059244106,1.3769247021875952,-0.09328859782006449,False,False,True
2025-06-20,1.414519578099954,1.3746494845816788,-0.08801430306652824,False,False,True
2025-06-23,1.4214730307951853,1.37253781468074,-0.08183851265640474,False,False,True
2025-06-24,1.4517852233008268,1.3718865750011455,-0.026209296079136357,False,False,True
2025-06-25,1.48305197184434,1.3717862528142082,-0.004042339143781826,False,False,True
2025-06-26,1.4872688542460142,1.3718389262009192,0.0021294961297733117,False,False,True
2025-06-27,1.5137434404704637,1.3726088225511757,0.031476809467919864,False,False,True
2025-06-30,1.5304289548030243,1.3735852662452148,0.0398049575843713,False,False,True
2025-07-01,1.5277711643437217,1.374659949560961,0.04406576389939909,False,False,True
2025-07-02,1.4867415741871866,1.3749497613141564,0.011834260890375203,False,False,True
2025-07-03,1.5123393203929303,1.376292404721735,0.05626462457411785,False,False,True
2025-07-04,1.514727021806054,1.3808586467736947,0.22081319474042838,True,False,False
2025-07-07,1.5061431085753747,1.3859323912270622,0.253324453317181,True,False,False
2025-07-08,1.5676761644714743,1.3914337797651783,0.2667139776254439,True,False,False
2025-07-09,1.561407725299874,1.3960224031578863,0.21407314782569853,True,False,False
2025-07-10,1.5556948956419452,1.3999933186320923,0.18084689578730218,False,False,True
2025-07-11,1.5542901206510786,1.4036426798277337,0.16397589066329843,False,False,True
2025-07-14,1.5613001057884344,1.4074844299678442,0.17320848931598753,False,False,True
2025-07-15,1.6275626476367346,1.4128445920615147,0.2462644098407698,True,False,False
2025-07-16,1.6128742722166087,1.4179897819219376,0.23671229738221244,True,False,False
2025-07-17,1.6589029308446008,1.4238053296628763,0.26636705174371267,True,False,False
2025-07-18,1.6492621544179231,1.428907205650561,0.22790652684172263,True,False,False
2025-07-21,1.6373503332578176,1.434242636451724,0.24303059324325105,True,False,False
2025-07-22,1.6243612430931824,1.4389433810517724,0.21011785365526214,True,False,False
2025-07-23,1.6278582233103855,1.4442916613057826,0.24552891405916055,True,False,False
2025-07-24,1.6313977024405402,1.4494355768849188,0.23332599184554303,True,False,False
2025-07-25,1.6469749540168643,1.4548238398613864,0.24424028464700775,True,False,False
2025-07-28,1.6839838443410666,1.4608519406187408,0.2735284334150758,True,False,False
2025-07-29,1.7181002286776803,1.4669749692749592,0.2719898460281487,True,False,False
2025-07-30,1.7065900284480389,1.4718826661109903,0.20852342326196238,True,False,False
2025-07-31,1.7319697568449404,1.4774623709286758,0.23961157452418114,True,False,False
2025-08-01,1.7102674531015403,1.482173652513274,0.19800978192714247,False,False,True
2025-08-04,1.7248744416184234,1.4877290485827568,0.2395340461332709,True,False,False
2025-08-05,1.7295012962418972,1.49292681667863,0.21999036384310577,True,False,False
2025-08-06,1.7476182752464438,1.4985557774984728,0.2395505285687738,True,False,False
2025-08-07,1.7374343007573794,1.5038826560391314,0.22542519811588657,True,False,False
2025-08-08,1.719278750467649,1.5097578169834385,0.2579145652730295,True,False,False
2025-08-11,1.7788244932950519,1.5165596707391793,0.29773639380803374,True,False,False
2025-08-12,1.830817032631472,1.5243458332479904,0.3425884073249992,True,False,False
2025-08-13,1.9106476118838636,1.5333403900143452,0.3936422754401956,True,False,False
2025-08-14,1.8857007033834379,1.5421809945190996,0.3913895010678283,True,False,False
2025-08-15,1.936275973076554,1.5520463877935655,0.4403039015419494,True,False,False
2025-08-18,2.022041126372715,1.5637988224881303,0.535461109457753,True,False,False
2025-08-19,2.047023049175478,1.5756228353164936,0.530390377166895,True,False,False
2025-08-20,2.053847867654811,1.5879838801803434,0.565211911775612,True,False,False
2025-08-21,2.020044630114935,1.5998024145983902,0.5409218475440407,True,False,False
2025-08-22,2.109564029250296,1.6125981344180003,0.5721651998894444,True,False,False
2025-08-25,2.1872551459282885,1.6271739843734732,0.6662209441945934,True,False,False
2025-08-26,2.1733170435360547,1.6415652770521056,0.6592239522816785,True,False,False
2025-08-27,2.1797038185527886,1.65549595643152,0.6219687037045492,True,False,False
2025-08-28,2.316166103424742,1.6707332878081038,0.652131238442746,True,False,False
2025-08-29,2.302149185955831,1.6855496195249462,0.629068232475126,True,False,False
2025-09-01,2.3560278394575764,1.7009914874070065,0.64813001340312,True,False,False
2025-09-02,2.2077178707155776,1.7142554636425456,0.5636732375482025,True,False,False
2025-09-03,2.192111817230032,1.7273049310544644,0.5556338962615242,True,False,False
2025-09-04,2.037889484243811,1.737623901598239,0.4363966071717489,True,False,False
2025-09-05,2.150076099479904,1.750154464828477,0.5376992176305229,True,False,False
2025-09-08,2.105290847271553,1.7614391889408814,0.4740792174121653,True,False,False
2025-09-09,2.0538821767915225,1.7720567767540691,0.4496352131612258,True,False,False
2025-09-10,2.1255467407444004,1.7833372164632117,0.4671891153593293,True,False,False
2025-09-11,2.290983944143923,1.797490495433537,0.5889889539386255,True,False,False
2025-09-12,2.3105681925305714,1.8124246390073806,0.6334649787132887,True,False,False
2025-09-15,2.2982287964843775,1.8270372351022004,0.616793809446196,True,False,False
2025-09-16,2.337420868575922,1.8417978291901187,0.6100321390938839,True,False,False
2025-09-17,2.3354046932398367,1.8560037078800435,0.574728827834335,True,False,False
2025-09-18,2.364488063148504,1.8706240280284185,0.5898188524543566,True,False,False
2025-09-19,2.3483213156215252,1.8845336592809363,0.5513337682187933,True,False,False
2025-09-22,2.423173356771216,1.8994127326470727,0.5833295293887675,True,False,False
2025-09-23,2.425267459614738,1.914371004234923,0.5874546635107818,True,False,False
2025-09-24,2.4373854245633604,1.930215068407859,0.6394143184540315,True,False,False
2025-09-25,2.492567634352633,1.9465522069738543,0.6481536919274329,True,False,False
2025-09-26,2.3858394578486872,1.9610707475745648,0.5750953297208496,True,False,False
2025-09-29,2.4274846619701163,1.9764264401311438,0.6117224506416372,True,False,False
2025-09-30,2.4270830101049246,1.990749887558368,0.5482043199420528,True,False,False
2025-10-09,2.4618601745207025,2.005757428378715,0.5766927078882573,True,False,False
2025-10-10,2.3624349839421885,2.019203096517052,0.5185721766910782,True,False,False
2025-10-13,2.3302937475410817,2.032136490298553,0.49926562395245866,True,False,False
2025-10-14,2.2230619347905622,2.0431658541152546,0.42385306101542053,True,False,False
2025-10-15,2.2766323921240987,2.053983683190044,0.39879862408358346,True,False,False
2025-10-16,2.2869100951674985,2.0652176135725586,0.41790971222111906,True,False,False
2025-10-17,2.1674614445760185,2.073693588801416,0.30656315344050555,True,False,False
2025-10-20,2.205718396790066,2.0829678595076184,0.3373970844365455,True,False,False
2025-10-21,2.2916166990114113,2.093872298936845,0.3995885012902567,True,False,False
2025-10-22,2.27654648579374,2.104742052981854,0.4015025878471694,True,False,False
2025-10-23,2.2536467963588045,2.115171862532661,0.3844244935384027,True,False,False
2025-10-24,2.372108603920211,2.127517044223989,0.45403453760636125,True,False,False
2025-10-27,2.468959819354314,2.1412167919796135,0.49908765359951723,True,False,False
2025-10-28,2.4663557806656495,2.1542563242516897,0.464595868276112,True,False,False
2025-10-29,2.505069578583748,2.1673724800834573,0.45804624012636963,True,False,False
2025-10-30,2.4228232890628587,2.179309701093705,0.41968677226255524,True,False,False
2025-10-31,2.3496572615779425,2.189604492839254,0.3566387359200882,True,False,False
2025-11-03,2.371362528432022,2.2006227440947628,0.3865448495389405,True,False,False
2025-11-04,2.3299888260581256,2.2107079838354244,0.3508164825446267,True,False,False
2025-11-05,2.3237273356317165,2.2206117511585877,0.34358230356984243,True,False,False
2025-11-06,2.4063038421671887,2.2315898439406,0.3769047144050146,True,False,False
2025-11-07,2.3836012087119793,2.2423592924065106,0.3719086860855252,True,False,False
2025-11-10,2.38601787754994,2.253471611191215,0.38780164467276523,True,False,False
2025-11-11,2.326381243371613,2.2625975570258245,0.30781943476744034,True,False,False
2025-11-12,2.3185268448440857,2.2707260538960345,0.2663891604239763,True,False,False
2025-11-13,2.3470459614362666,2.277999359721908,0.2284033679670121,True,False,False
2025-11-14,2.252795092287871,2.2841175995369816,0.1946726690220617,False,False,False
2025-11-17,2.280325544118888,2.2898517590543546,0.17768622646061805,False,False,False
2025-11-18,2.2728194977643916,2.2940313985775487,0.12402238912001806,False,False,False
2025-11-19,2.2557955423344676,2.297510940130199,0.10198834509610477,False,False,False
2025-11-20,2.2354577341781656,2.3005377712389214,0.08842420579608268,False,False,False
2025-11-21,2.109503725771342,2.302028756166528,0.044285702564560214,False,False,False
2025-11-24,2.132427808147717,2.302409819148152,0.010838153561779418,False,False,False
2025-11-25,2.2101097699395593,2.3027907295483394,0.010448997710128305,False,False,False
2025-11-26,2.25852929607885,2.304210933757386,0.039208385539623025,False,False,False
2025-11-27,2.253346793707747,2.3054383166766352,0.03378577150167761,False,False,False
2025-11-28,2.2609229470640733,2.3045175974039576,-0.0238511202970223,False,True,False
2025-12-01,2.2837540756348638,2.3042110122319412,-0.007990407586609072,False,True,False
2025-12-02,2.2676096847968816,2.3027373763209296,-0.037528484672342044,False,True,False
2025-12-03,2.245172757833235,2.3033616244395576,0.016965431867214775,False,False,False
2025-12-04,2.2488264127141924,2.3043068676976266,0.025872127068693684,False,False,False
2025-12-05,2.2682410141064,2.308146059862003,0.11303435816494467,False,False,False
2025-12-08,2.377928608362489,2.3119436016767128,0.10597416014144878,False,False,True
2025-12-09,2.4413444321871043,2.3175444947586388,0.15962335339607603,False,False,True
2025-12-10,2.4160228360213822,2.32358017241247,0.17632007489133517,False,False,True
2025-12-11,2.3512292999288724,2.3273415483988775,0.10617623920395869,False,False,True
2025-12-12,2.3957293225255487,2.3290873047052383,0.045720695096693964,False,False,True
2025-12-15,2.335974921548598,2.329510750188872,0.01099587932533641,False,False,True
2025-12-16,2.288383809835514,2.3293466670780574,-0.004283727827239625,False,True,False
2025-12-17,2.404500308356661,2.3304646577410697,0.028698058053022946,False,False,True
2025-12-18,2.3585529672229226,2.3308504623074544,0.0099118898108288,False,False,True
2025-12-19,2.3393301542712566,2.330431163826167,-0.010639896757925538,False,False,True
2025-12-22,2.4217586111652842,2.3316551187518963,0.031272251823137864,False,False,True
2025-12-23,2.4671906330079305,2.3323887400225085,0.01816513709748202,False,False,True
2025-12-24,2.5329683419068094,2.334183754727376,0.04440783710889362,False,False,True
2025-12-25,2.52176919548421,2.33559015090939,0.03462061029431429,False,False,True
2025-12-26,2.520507520434943,2.336055815677429,0.011209279017043272,False,False,True
2025-12-29,2.5478373801685557,2.338755781049427,0.0678997582117038,False,False,True
2025-12-30,2.541770515482856,2.340660545274639,0.047079948764737756,False,False,True
2025-12-31,2.4989620929723144,2.3418585299890955,0.029615420061089193,False,False,True
2026-01-05,2.5936716380312923,2.3440553877142722,0.05354140940853891,False,False,True
2026-01-06,2.5921863096465962,2.3478845764760123,0.09725191476847428,False,False,True
2026-01-07,2.627475019050725,2.3528375976678393,0.1275295321987746,False,False,True
2026-01-08,2.6000626263214888,2.359120942526688,0.16958622952915814,False,False,True
2026-01-09,2.635239576120561,2.3650977289266293,0.15751650781964033,False,False,True
2026-01-12,2.6819769784897995,2.371682176982001,0.17275138369327347,False,False,True
2026-01-13,2.5954804415806896,2.3788158269320787,0.1974747915704662,False,False,True
2026-01-14,2.6427748134592077,2.3861001005432314,0.1981469698512648,False,False,True
2026-01-15,2.6867065712055744,2.392684931746467,0.1724066124865482,False,False,True
2026-01-16,2.726181117539163,2.4001788422755577,0.19750733602465975,False,False,True
2026-01-19,2.6944492747913165,2.407525550249433,0.19559519226558142,False,False,True
2026-01-20,2.61984793115081,2.41165453903661,0.10443844216119702,False,False,True
2026-01-21,2.692066268016441,2.4153729798476453,0.0903645522754899,False,False,True
2026-01-22,2.7400742873993233,2.419934954959873,0.1109809496583658,False,False,True
2026-01-23,2.710287534399685,2.423355254223472,0.08192106022538437,False,False,True
2026-01-26,2.7101584653717707,2.42814417382862,0.11859518504960898,False,False,True
2026-01-27,2.7551850703774052,2.4349029706419447,0.17259019663451913,False,False,True
2026-01-28,2.7892332151777275,2.4418674820877064,0.17621543805957307,False,False,True
2026-01-29,2.6999730391460623,2.448033885639172,0.1587922692804824,False,False,True
2026-01-30,2.7491030602812154,2.455123481049997,0.18305750340276417,False,False,True
2026-02-02,2.65048153194024,2.4591931092128814,0.10147417192050767,False,False,True
2026-02-03,2.7385290599031165,2.4651085733994,0.14890404061463314,False,False,True
2026-02-04,2.665375212096092,2.4697645289751695,0.11708098970029823,False,False,True
2026-02-05,2.5819700302919615,2.474024342090509,0.10986539186067579,False,False,True
2026-02-06,2.574517249167991,2.4782908488292406,0.11041080024291028,False,False,True
2026-02-09,2.709497510973135,2.4843317079881886,0.15442882478324682,False,False,True
2026-02-10,2.7128181717237365,2.491998759312119,0.20420103053788163,True,False,False
2026-02-11,2.6716847316728063,2.4985214124380177,0.17162426152847332,False,False,True
2026-02-12,2.7836186839056487,2.507034732207039,0.22474252207167944,True,False,False
2026-02-13,2.761904680669195,2.5154698845126178,0.22435949040442194,True,False,False
2026-02-24,2.8242764372584563,2.5252835295639557,0.26339961345623997,True,False,False
2026-02-25,2.833989678589108,2.537358295444252,0.3434390487046224,True,False,False
2026-02-26,2.9568133431558214,2.5510980543610535,0.38659481547663144,True,False,False
2026-02-27,2.9351408689419176,2.563181906011093,0.32805207635554945,True,False,False
2026-03-02,2.9383238670316483,2.5745118155269733,0.30098992832770644,True,False,False
2026-03-03,2.7950126713173673,2.5835395801537997,0.2403828292751784,True,False,False
2026-03-04,2.8009825551949605,2.592540573622648,0.23886687904697634,True,False,False
2026-03-05,2.8362186621017,2.6017483167304287,0.2419107172532382,True,False,False
2026-03-06,2.837664916917359,2.6112492372657696,0.2513903675497573,True,False,False
2026-03-09,2.786072430232009,2.6202642318057494,0.24091672701426492,True,False,False
2026-03-10,2.9171997658214077,2.63140378769087,0.2972098465797237,True,False,False
2026-03-11,2.911678583516419,2.642127747181037,0.28367248692198976,True,False,False
2026-03-12,2.858105128541649,2.6501306891840226,0.20193058718857992,True,False,False
2026-03-13,2.8204268076777645,2.656448728775534,0.15527607268059884,False,False,True
2026-03-16,2.8730477942537305,2.6640658114127396,0.18916417155433862,False,False,True
2026-03-17,2.7475849907482375,2.6706717395930624,0.16857381406031102,False,False,True
2026-03-18,2.895325256944212,2.67899833850004,0.20853605193260938,True,False,False
2026-03-19,2.8288729339799157,2.6872133053738954,0.21100312673928823,True,False,False
2026-03-20,2.7811499361098067,2.6954260741451335,0.2153336884120467,True,False,False
2026-03-23,2.616298722865472,2.6989560477202805,0.08808417024224169,False,False,False
2026-03-24,2.6733812699454464,2.704203186098989,0.1334836686297609,False,False,False
2026-03-25,2.765537693463979,2.7113066450855343,0.18219212812459706,False,False,True
2026-03-26,2.704494233753428,2.716018905462003,0.11674806121659631,False,False,False
2026-03-27,2.7115488400891468,2.7200915422466907,0.09904309939086531,False,False,False
2026-03-30,2.713925140594434,2.7231074888914844,0.0714406081172736,False,False,False
2026-03-31,2.617733836290608,2.7247068995715913,0.03805449006921191,False,False,False
2026-04-01,2.708710685961434,2.7278436189970323,0.07466875778018478,False,False,False
2026-04-02,2.6234732119194377,2.7291042161928805,0.029686287021143398,False,False,False
2026-04-03,2.6493138797878464,2.7308966055979633,0.04231041459089413,False,False,False
2026-04-07,2.680891657795372,2.7339287650116813,0.07280205063321588,False,False,False
2026-04-08,2.895488601756673,2.7389590477404373,0.11636668238947667,False,False,True
2026-04-09,2.924444681636773,2.744496687273607,0.1281768871140574,False,False,True
2026-04-10,2.993121035640609,2.7505907875501054,0.13916250922986406,False,False,True
2026-04-13,3.04078058189892,2.757936086809729,0.16950282316889775,False,False,True
2026-04-14,3.127008848976988,2.766132241357336,0.18661273810268875,False,False,True
2026-04-15,3.0768765714415376,2.7727139012398654,0.14724197713811216,False,False,True
2026-04-16,3.155634484028873,2.782049801947335,0.2158190188892506,True,False,False
2026-04-17,3.2429098149826556,2.7920520519727257,0.22708518276587975,True,False,False
2026-04-20,3.311005042880077,2.802457026500634,0.23236570690872593,True,False,False
2026-04-21,3.26736150218301,2.8114766995780314,0.19851226360644514,False,False,True
2026-04-22,3.366374134698612,2.8226754472431534,0.24937372775716304,True,False,False
2026-04-23,3.28349720780915,2.8337362685207923,0.25331595348239233,True,False,False
2026-04-24,3.221345536214214,2.842557589657422,0.19660707259920263,False,False,True
2026-04-27,3.2837778058179143,2.8516193149643976,0.19842656125014568,False,False,True
2026-04-28,3.2259135550208478,2.860213081974751,0.1902477187666256,False,False,True
2026-04-29,3.262694905435445,2.869422022642479,0.20387606375182177,True,False,False
2026-04-30,3.2748089039447774,2.8780824198686017,0.18859852252908516,False,False,True
2026-05-06,3.4158414974867934,2.8885258912404197,0.22465252417738002,True,False,False
2026-05-07,3.528723473748796,2.9023383984837983,0.3069476704348306,True,False,False
2026-05-08,3.5262274355116756,2.915290471404306,0.2826828817217808,True,False,False
2026-05-11,3.6637451077769945,2.9321781976682515,0.38229414679038043,True,False,False
2026-05-12,3.6466172452429495,2.9473130007572492,0.3315970601283156,True,False,False
2026-05-13,3.8250164424835877,2.9666403545970406,0.43507616680937633,True,False,False
2026-05-14,3.741494737984265,2.9859657663919124,0.449085269808956,True,False,False
2026-05-15,3.670584934284068,3.004233561143847,0.42573716896645175,True,False,False
2026-05-18,3.7236160838867973,3.0211355373590743,0.3742828951887225,True,False,False
2026-05-19,3.7413326816079073,3.038277445857145,0.3791313846997155,True,False,False
2026-05-20,3.7979831927529597,3.0570490868751468,0.42156862586662713,True,False,False
2026-05-21,3.6186876924876583,3.070966903684847,0.29999403776466194,True,False,False
2026-05-22,3.8246778612274452,3.0886797900274843,0.3847971973821869,True,False,False
2026-05-25,3.982577019637604,3.1079847997338037,0.41012294940346483,True,False,False
2026-05-26,3.9582151710895555,3.1267218912754777,0.3966935733725534,True,False,False
2026-05-27,3.892264644269896,3.1423127462940457,0.31637144200508205,True,False,False
2026-05-28,3.9695590751923384,3.1595530497315525,0.35242540390346444,True,False,False
2026-05-29,3.8560047112115963,3.1748477304678846,0.31231439613462597,True,False,False
2026-06-01,3.677197046328526,3.189550803384738,0.31562804135530476,True,False,False
2026-06-02,3.799329119665033,3.2061899127925724,0.35642726964452054,True,False,False
2026-06-03,3.8828984140221263,3.223634575324579,0.3690405700753743,True,False,False
2026-06-04,3.948479248135046,3.242148147511541,0.39145366480563815,True,False,False
2026-06-05,3.793760903086233,3.2589429553924445,0.36168782330268034,True,False,False
2026-06-08,3.6443414027826364,3.2710619826751315,0.24926014511607653,True,False,False
2026-06-09,3.8801206089464118,3.287202683098965,0.33260608877385445,True,False,False
2026-06-10,3.8036859904789093,3.3029623641312527,0.330841875791932,True,False,False
2026-06-11,3.7835155938255776,3.3190138439003833,0.3414691647115582,True,False,False
2026-06-12,3.7988902074157145,3.3344445507864156,0.32225096116177565,True,False,False
2026-06-15,4.0976657306336675,3.356945896451173,0.4913699646895249,True,False,False
2026-06-16,4.236095864904336,3.3792920732505087,0.4630811701532982,True,False,False
2026-06-17,4.367899760451753,3.4049425203583725,0.5440424021826227,True,False,False
2026-06-18,4.505354068393612,3.4336792558964357,0.6199608693861263,True,False,False
2026-06-22,4.609679066292458,3.466902261620219,0.7619085412554718,True,False,False
2026-06-23,4.436483334320979,3.496287296026478,0.659502662114301,True,False,False
2026-06-24,4.586799460952974,3.526641658817961,0.6585561179633643,True,False,False
2026-06-25,4.725877190256899,3.5603313747596856,0.7474162567165461,True,False,False
2026-06-26,4.532993540217294,3.5906887864284878,0.6717358998660945,True,False,False
2026-06-29,4.51423720614228,3.6206939875209523,0.6633609890778054,True,False,False
2026-06-30,4.723152265862541,3.6557842946804846,0.8042904898824095,True,False,False
2026-07-01,4.563707497970097,3.6867009082139623,0.6848264828069845,True,False,False
2026-07-02,4.260842536971922,3.713990396964837,0.6241227536127651,True,False,False
2026-07-03,4.306159782249033,3.74160449533919,0.6253867898030505,True,False,False
