code,name,segment,entry_date,exit_date,entry_price,exit_price,return_pct,hold_days,exit_reason
300308,中际旭创,光模块,2024-08-16,2024-08-27,118.06,111.35,-5.68,7,signal
300308,中际旭创,光模块,2024-09-10,2024-10-17,104.53,148.6,42.16,20,signal
300308,中际旭创,光模块,2024-12-06,2024-12-11,129.61,120.1,-7.34,3,signal
300308,中际旭创,光模块,2024-12-19,2025-01-02,125.14,120.21,-3.94,9,signal
300308,中际旭创,光模块,2025-01-17,2025-02-05,115.0,96.35,-16.22,7,signal
300308,中际旭创,光模块,2025-04-11,2025-05-23,76.47,89.97,17.65,27,signal
002916,深南电路,PCB,2024-09-18,2024-09-23,70.78,63.98,-9.62,3,signal
002916,深南电路,PCB,2024-12-12,2025-01-03,73.0,87.6,20.0,15,signal
002916,深南电路,PCB,2025-04-16,2025-05-21,77.94,82.01,5.22,22,signal
002916,深南电路,PCB,2026-04-09,2026-05-15,240.6,320.85,33.35,23,signal
300394,天孚通信,光模块,2024-09-10,2024-10-17,36.99,47.94,29.6,20,signal
300394,天孚通信,光模块,2024-12-26,2024-12-31,53.98,45.5,-15.72,3,signal
300394,天孚通信,光模块,2025-04-11,2025-04-16,33.11,32.44,-2.0,3,signal
300394,天孚通信,光模块,2025-11-28,2025-12-24,112.36,157.52,40.2,18,signal
300474,景嘉微,算力芯片/GPU/CPU设计,2024-08-30,2024-09-18,56.27,52.13,-7.36,11,signal
300474,景嘉微,算力芯片/GPU/CPU设计,2025-02-10,2025-02-18,93.58,88.52,-5.41,6,signal
300474,景嘉微,算力芯片/GPU/CPU设计,2025-04-09,2025-04-25,72.89,69.04,-5.28,12,signal
300474,景嘉微,算力芯片/GPU/CPU设计,2025-10-27,2025-11-05,76.3,72.15,-5.44,7,signal
300474,景嘉微,算力芯片/GPU/CPU设计,2025-11-19,2025-12-22,72.88,75.18,3.16,23,signal
300474,景嘉微,算力芯片/GPU/CPU设计,2026-02-27,2026-03-05,72.04,67.28,-6.61,4,signal
300474,景嘉微,算力芯片/GPU/CPU设计,2026-04-08,2026-05-15,59.15,64.64,9.28,24,signal
603501,韦尔股份(豪威),算力芯片/GPU/CPU设计,2024-09-19,2024-10-17,85.58,102.75,20.06,15,signal
603501,韦尔股份(豪威),算力芯片/GPU/CPU设计,2024-12-12,2025-01-03,99.24,97.78,-1.47,15,signal
603501,韦尔股份(豪威),算力芯片/GPU/CPU设计,2025-07-21,2025-07-31,124.38,120.56,-3.07,8,signal
603501,韦尔股份(豪威),算力芯片/GPU/CPU设计,2025-11-27,2026-01-14,119.05,127.61,7.19,32,signal
603501,韦尔股份(豪威),算力芯片/GPU/CPU设计,2026-02-26,2026-03-04,122.5,113.42,-7.41,4,signal
603501,韦尔股份(豪威),算力芯片/GPU/CPU设计,2026-03-12,2026-03-17,112.72,108.82,-3.46,3,signal
603501,韦尔股份(豪威),算力芯片/GPU/CPU设计,2026-03-26,2026-03-31,99.9,94.86,-5.05,3,signal
603501,韦尔股份(豪威),算力芯片/GPU/CPU设计,2026-04-09,2026-05-29,94.14,94.9,0.81,33,signal
603986,兆易创新,存储芯片,2024-08-12,2024-08-22,77.1,72.56,-5.89,8,signal
603986,兆易创新,存储芯片,2024-09-11,2024-09-18,66.55,63.69,-4.3,3,signal
603986,兆易创新,存储芯片,2024-12-13,2025-01-02,91.89,101.9,10.89,13,signal
603986,兆易创新,存储芯片,2025-04-10,2025-05-16,106.81,120.94,13.23,23,signal
603986,兆易创新,存储芯片,2026-04-13,2026-06-01,261.39,468.0,79.04,32,signal
300223,北京君正,存储芯片,2024-08-29,2024-10-17,45.26,63.76,40.87,28,signal
300223,北京君正,存储芯片,2025-01-16,2025-02-19,63.73,74.31,16.6,18,signal
300223,北京君正,存储芯片,2025-04-10,2025-05-16,64.78,66.29,2.33,23,signal
300223,北京君正,存储芯片,2026-04-10,2026-05-18,111.41,136.35,22.39,23,signal
301308,江波龙,存储芯片,2024-08-15,2024-09-09,73.46,64.56,-12.12,17,signal
301308,江波龙,存储芯片,2024-09-19,2024-10-17,63.52,82.65,30.12,15,signal
301308,江波龙,存储芯片,2025-01-21,2025-03-13,82.21,101.23,23.14,31,signal
001309,德明利,存储芯片,2024-08-13,2024-09-05,50.72,47.74,-5.87,17,signal
001309,德明利,存储芯片,2024-09-20,2024-10-30,44.8,59.49,32.78,23,signal
001309,德明利,存储芯片,2025-12-25,2026-01-14,216.87,238.58,10.01,12,signal
300475,香农芯创,HBM,2024-07-31,2024-08-05,28.94,25.74,-11.06,3,signal
300475,香农芯创,HBM,2024-08-19,2024-09-09,25.8,24.09,-6.63,15,signal
300475,香农芯创,HBM,2024-09-24,2024-10-17,24.19,30.49,26.05,12,signal
300475,香农芯创,HBM,2025-01-14,2025-02-19,27.99,29.49,5.36,20,signal
300475,香农芯创,HBM,2026-02-27,2026-03-24,148.98,143.79,-3.48,17,signal
002409,雅克科技,HBM,2024-08-30,2024-09-09,54.56,48.77,-10.61,6,signal
002409,雅克科技,HBM,2024-09-24,2024-10-17,48.8,57.28,17.38,12,signal
002409,雅克科技,HBM,2024-12-27,2025-01-02,59.83,54.74,-8.51,3,signal
002409,雅克科技,HBM,2025-06-24,2025-07-07,52.68,52.18,-0.95,9,signal
002409,雅克科技,HBM,2025-12-04,2026-01-26,70.09,91.7,30.83,35,signal
002409,雅克科技,HBM,2026-04-09,2026-04-29,84.14,82.98,-1.38,14,signal
600584,长电科技,先进封装/封测,2024-09-24,2024-10-24,28.75,38.14,32.66,17,signal
600584,长电科技,先进封装/封测,2024-12-23,2025-01-03,38.78,36.11,-6.88,8,signal
600584,长电科技,先进封装/封测,2025-04-09,2025-05-21,30.83,32.82,6.45,27,signal
600584,长电科技,先进封装/封测,2025-06-24,2025-07-10,32.77,32.95,0.55,12,signal
600584,长电科技,先进封装/封测,2025-11-27,2025-12-16,35.65,35.28,-1.04,13,signal
600584,长电科技,先进封装/封测,2026-04-08,2026-06-02,41.88,75.25,79.68,36,signal
002156,通富微电,先进封装/封测,2024-08-30,2024-09-09,19.77,18.2,-7.94,6,signal
002156,通富微电,先进封装/封测,2024-09-19,2024-10-16,18.33,21.0,14.56,14,signal
002156,通富微电,先进封装/封测,2025-01-10,2025-02-28,27.82,28.38,2.01,29,signal
002156,通富微电,先进封装/封测,2025-04-10,2025-05-16,23.92,24.97,4.39,23,signal
002156,通富微电,先进封装/封测,2025-06-19,2025-07-10,23.72,24.78,4.47,15,signal
002156,通富微电,先进封装/封测,2025-12-02,2025-12-17,36.69,35.28,-3.84,11,signal
002156,通富微电,先进封装/封测,2026-04-09,2026-05-18,44.66,57.52,28.8,24,signal
002185,华天科技,先进封装/封测,2024-08-30,2024-09-09,7.89,7.43,-5.83,6,signal
002185,华天科技,先进封装/封测,2024-09-24,2024-11-14,7.61,12.84,68.73,32,signal
002185,华天科技,先进封装/封测,2025-01-14,2025-02-19,11.18,11.06,-1.07,20,signal
002185,华天科技,先进封装/封测,2025-04-10,2025-05-16,9.45,9.13,-3.41,23,signal
002185,华天科技,先进封装/封测,2025-06-18,2025-07-10,8.94,9.73,8.84,16,signal
002185,华天科技,先进封装/封测,2025-12-03,2025-12-16,11.02,10.52,-4.54,9,signal
002185,华天科技,先进封装/封测,2026-04-09,2026-06-08,12.11,16.78,38.57,39,signal
603005,晶方科技,先进封装/封测,2024-08-30,2024-11-18,18.28,27.3,49.35,49,signal
603005,晶方科技,先进封装/封测,2025-04-11,2025-04-17,27.52,26.38,-4.14,4,signal
603005,晶方科技,先进封装/封测,2025-06-23,2025-07-07,27.25,27.05,-0.72,10,signal
603005,晶方科技,先进封装/封测,2025-11-27,2026-02-03,26.56,30.46,14.68,46,signal
603005,晶方科技,先进封装/封测,2026-04-08,2026-04-30,28.02,30.78,9.85,16,signal
002371,北方华创,半导体设备,2024-09-02,2024-09-06,226.16,219.27,-3.05,4,signal
002371,北方华创,半导体设备,2024-09-24,2024-10-17,217.04,268.85,23.87,12,signal
002371,北方华创,半导体设备,2024-12-20,2025-01-02,305.27,277.27,-9.17,8,signal
002371,北方华创,半导体设备,2025-01-13,2025-01-27,281.76,277.71,-1.44,10,signal
002371,北方华创,半导体设备,2025-06-09,2025-06-12,316.83,297.88,-5.98,3,signal
300054,鼎龙股份,半导体材料,2024-07-31,2024-08-06,21.38,20.42,-4.49,4,signal
300054,鼎龙股份,半导体材料,2024-08-30,2024-09-23,19.4,18.18,-6.29,14,signal
300054,鼎龙股份,半导体材料,2024-12-26,2025-01-02,27.14,25.15,-7.33,4,signal
300054,鼎龙股份,半导体材料,2025-06-24,2025-07-10,27.98,28.19,0.75,12,signal
300502,新易盛,光模块,2024-12-06,2024-12-24,60.74,61.3,0.92,12,signal
300502,新易盛,光模块,2025-03-18,2025-04-07,51.96,36.92,-28.94,13,signal
300502,新易盛,光模块,2025-11-27,2025-12-26,242.71,314.29,29.49,21,signal
300502,新易盛,光模块,2026-03-03,2026-04-03,272.29,324.5,19.18,23,signal
002281,光迅科技,光模块,2024-08-01,2024-08-06,33.23,29.85,-10.17,3,signal
002281,光迅科技,光模块,2024-08-19,2024-08-27,29.99,27.48,-8.37,6,signal
002281,光迅科技,光模块,2024-09-10,2024-10-17,26.92,31.64,17.53,20,signal
002281,光迅科技,光模块,2025-04-10,2025-05-16,41.09,43.24,5.23,23,signal
002281,光迅科技,光模块,2025-11-25,2025-12-31,58.9,69.95,18.76,26,signal
603083,剑桥科技,光模块,2024-08-15,2024-08-23,27.08,25.66,-5.24,6,signal
603083,剑桥科技,光模块,2025-01-09,2025-02-05,39.26,38.96,-0.76,13,signal
603083,剑桥科技,光模块,2025-04-10,2025-04-15,30.94,31.62,2.2,3,signal
603083,剑桥科技,光模块,2026-02-25,2026-03-18,105.7,110.71,4.74,15,signal
300570,太辰光,CPO,2024-09-11,2024-10-17,27.17,35.0,28.82,19,signal
300570,太辰光,CPO,2025-04-10,2025-05-20,66.41,69.19,4.19,25,signal
300570,太辰光,CPO,2025-10-23,2025-11-03,101.03,98.4,-2.6,7,signal
300570,太辰光,CPO,2025-11-25,2025-12-16,97.06,111.18,14.55,15,signal
300570,太辰光,CPO,2026-04-09,2026-04-30,128.29,135.92,5.95,15,signal
300757,罗博特科,CPO,2024-09-11,2024-10-29,76.45,199.96,161.56,27,signal
300757,罗博特科,CPO,2024-12-23,2025-01-06,197.22,159.96,-18.89,9,signal
300757,罗博特科,CPO,2025-05-14,2025-06-16,135.46,132.46,-2.22,22,signal
300757,罗博特科,CPO,2025-11-25,2025-12-16,203.76,203.74,-0.01,15,signal
002463,沪电股份,PCB,2024-08-12,2024-08-28,31.84,30.99,-2.67,12,signal
002463,沪电股份,PCB,2025-03-13,2025-03-27,33.7,32.0,-5.04,10,signal
002463,沪电股份,PCB,2025-04-11,2025-04-17,26.68,25.34,-5.02,4,signal
002463,沪电股份,PCB,2025-11-26,2025-12-15,72.33,68.13,-5.81,13,signal
300476,胜宏科技,PCB,2024-09-24,2024-10-28,27.33,43.58,59.46,19,signal
300476,胜宏科技,PCB,2026-02-09,2026-03-09,269.38,268.01,-0.51,14,signal
001389,广合科技,PCB,2024-08-16,2024-08-23,38.21,35.02,-8.35,5,signal
001389,广合科技,PCB,2024-09-25,2024-10-17,34.42,42.22,22.66,11,signal
001389,广合科技,PCB,2025-04-03,2025-04-09,50.12,39.3,-21.59,3,signal
001389,广合科技,PCB,2025-11-26,2026-01-09,68.59,81.51,18.84,30,signal
600183,生益科技,覆铜板CCL,2024-08-14,2024-09-19,16.9,14.84,-12.19,24,signal
600183,生益科技,覆铜板CCL,2025-04-14,2025-04-17,21.29,20.0,-6.06,3,signal
600183,生益科技,覆铜板CCL,2026-04-08,2026-06-08,58.18,126.0,116.57,40,signal
603186,华正新材,覆铜板CCL,2024-07-31,2024-08-05,20.7,18.88,-8.79,3,signal
603186,华正新材,覆铜板CCL,2024-08-15,2024-08-28,21.5,21.21,-1.35,9,signal
603186,华正新材,覆铜板CCL,2025-01-09,2025-03-03,24.4,25.49,4.47,31,signal
603186,华正新材,覆铜板CCL,2026-04-07,2026-04-24,66.15,69.04,4.37,13,signal
002636,金安国纪,覆铜板CCL,2025-04-11,2025-05-23,7.35,8.06,9.66,27,signal
000938,紫光股份(新华三),交换机/网络设备,2024-08-30,2024-10-17,19.6,22.95,17.09,27,signal
000938,紫光股份(新华三),交换机/网络设备,2024-12-18,2025-01-03,25.88,24.5,-5.33,11,signal
000938,紫光股份(新华三),交换机/网络设备,2025-04-11,2025-04-17,25.55,24.72,-3.25,4,signal
000938,紫光股份(新华三),交换机/网络设备,2025-06-25,2025-07-31,23.64,24.6,4.06,26,signal
000938,紫光股份(新华三),交换机/网络设备,2025-11-26,2025-12-16,24.92,23.92,-4.01,14,signal
000938,紫光股份(新华三),交换机/网络设备,2026-06-18,2026-06-29,27.45,25.5,-7.1,6,signal
301165,锐捷网络,交换机/网络设备,2025-04-11,2025-05-12,33.62,36.08,7.31,18,signal
301165,锐捷网络,交换机/网络设备,2025-11-24,2025-12-16,49.32,54.95,11.41,16,signal
002396,星网锐捷,交换机/网络设备,2025-04-11,2025-05-16,13.77,14.58,5.87,22,signal
002396,星网锐捷,交换机/网络设备,2025-10-28,2025-11-05,21.01,19.52,-7.07,6,signal
002396,星网锐捷,交换机/网络设备,2025-11-25,2025-12-16,20.22,21.55,6.59,15,signal
002396,星网锐捷,交换机/网络设备,2026-06-22,2026-06-29,20.02,17.43,-12.94,5,signal
301191,菲菱科思,交换机/网络设备,2024-08-15,2024-08-27,42.03,40.99,-2.48,8,signal
301191,菲菱科思,交换机/网络设备,2025-05-13,2025-05-16,59.26,54.97,-7.24,3,signal
301191,菲菱科思,交换机/网络设备,2025-05-29,2025-06-23,54.51,54.97,0.84,16,signal
301191,菲菱科思,交换机/网络设备,2025-10-29,2025-11-03,71.33,68.47,-4.01,3,signal
301191,菲菱科思,交换机/网络设备,2025-11-25,2025-12-16,63.61,71.14,11.85,15,signal
301191,菲菱科思,交换机/网络设备,2026-06-16,2026-06-29,104.73,97.0,-7.38,8,signal
002130,沃尔核材,高速铜缆/铜连接,2024-09-24,2024-11-04,11.46,19.3,68.38,24,signal
002130,沃尔核材,高速铜缆/铜连接,2025-03-13,2025-03-24,22.58,21.32,-5.58,7,signal
002130,沃尔核材,高速铜缆/铜连接,2025-04-10,2025-05-21,17.42,19.72,13.14,26,signal
002130,沃尔核材,高速铜缆/铜连接,2025-11-26,2025-12-19,24.78,25.95,4.72,17,signal
002130,沃尔核材,高速铜缆/铜连接,2026-03-17,2026-03-20,27.51,24.61,-10.54,3,signal
002130,沃尔核材,高速铜缆/铜连接,2026-04-09,2026-04-27,24.3,23.7,-2.47,12,signal
002130,沃尔核材,高速铜缆/铜连接,2026-05-27,2026-06-05,22.0,20.56,-6.55,7,signal
002130,沃尔核材,高速铜缆/铜连接,2026-06-16,2026-06-26,20.84,17.77,-14.73,7,signal
300563,神宇股份,高速铜缆/铜连接,2024-09-25,2024-10-28,29.38,53.56,82.31,18,signal
300563,神宇股份,高速铜缆/铜连接,2025-02-21,2025-03-03,49.87,43.71,-12.35,6,signal
300563,神宇股份,高速铜缆/铜连接,2025-04-09,2025-05-22,32.03,35.02,9.34,28,signal
300563,神宇股份,高速铜缆/铜连接,2025-11-06,2025-11-19,38.18,36.1,-5.45,9,signal
300563,神宇股份,高速铜缆/铜连接,2026-03-17,2026-03-20,34.35,30.66,-10.74,3,signal
300563,神宇股份,高速铜缆/铜连接,2026-06-16,2026-06-26,29.82,24.73,-17.07,7,signal
300913,兆龙互连,高速铜缆/铜连接,2024-07-31,2024-08-06,25.67,23.8,-7.3,4,signal
300913,兆龙互连,高速铜缆/铜连接,2024-08-30,2024-09-18,22.94,21.27,-7.27,11,signal
300913,兆龙互连,高速铜缆/铜连接,2025-04-09,2025-05-26,33.8,40.33,19.33,30,signal
300913,兆龙互连,高速铜缆/铜连接,2025-10-28,2025-11-05,53.31,50.2,-5.83,6,signal
300913,兆龙互连,高速铜缆/铜连接,2025-11-25,2025-12-16,48.61,51.0,4.92,15,signal
600577,精达股份,高速铜缆/铜连接,2026-04-08,2026-04-28,12.52,12.16,-2.88,14,signal
002475,立讯精密,连接器,2024-12-02,2025-01-02,40.2,38.85,-3.36,22,signal
002475,立讯精密,连接器,2025-04-11,2025-04-16,31.82,29.23,-8.14,3,signal
002475,立讯精密,连接器,2025-11-27,2025-12-16,56.8,56.54,-0.46,13,signal
002475,立讯精密,连接器,2026-02-25,2026-03-03,51.58,47.39,-8.12,4,signal
002179,中航光电,连接器,2024-12-23,2025-01-03,37.4,35.59,-4.84,8,signal
002179,中航光电,连接器,2025-06-24,2025-07-11,37.89,38.55,1.74,13,signal
002179,中航光电,连接器,2025-11-12,2025-11-27,35.59,33.38,-6.21,11,signal
002179,中航光电,连接器,2025-12-15,2026-01-16,33.04,36.29,9.84,22,signal
002179,中航光电,连接器,2026-03-02,2026-03-17,35.91,34.05,-5.18,11,signal
002851,麦格米特,服务器电源,2024-08-30,2024-09-18,24.01,22.45,-6.5,11,signal
002851,麦格米特,服务器电源,2025-05-09,2025-05-26,46.01,44.34,-3.63,11,signal
002851,麦格米特,服务器电源,2026-04-09,2026-05-19,102.57,124.93,21.8,25,signal
300870,欧陆通,服务器电源,2024-08-14,2024-09-18,24.63,26.38,7.1,23,signal
300870,欧陆通,服务器电源,2025-04-14,2025-04-17,76.19,69.25,-9.11,3,signal
300870,欧陆通,服务器电源,2025-10-27,2025-11-12,150.16,133.35,-11.2,12,signal
300870,欧陆通,服务器电源,2025-11-25,2025-12-03,153.32,137.46,-10.35,6,signal
002843,泰嘉股份,服务器电源,2024-08-15,2024-09-12,12.39,13.05,5.33,20,signal
002843,泰嘉股份,服务器电源,2025-04-11,2025-05-16,19.15,23.86,24.6,22,signal
002843,泰嘉股份,服务器电源,2025-06-25,2025-07-04,22.1,20.0,-9.5,7,signal
002843,泰嘉股份,服务器电源,2025-07-15,2025-08-28,20.31,24.93,22.75,32,signal
002843,泰嘉股份,服务器电源,2025-10-29,2025-11-21,20.18,18.7,-7.33,17,signal
002843,泰嘉股份,服务器电源,2025-12-08,2025-12-11,18.86,17.84,-5.41,3,signal
002843,泰嘉股份,服务器电源,2025-12-19,2026-01-21,17.84,21.43,20.12,21,signal
002843,泰嘉股份,服务器电源,2026-06-18,2026-06-26,22.19,19.48,-12.21,5,signal
002837,英维克,液冷/散热,2024-09-18,2024-11-01,12.21,18.21,49.13,27,signal
002837,英维克,液冷/散热,2025-04-14,2025-05-23,19.69,18.39,-6.58,26,signal
002837,英维克,液冷/散热,2025-11-14,2025-11-24,53.85,52.85,-1.84,6,signal
002837,英维克,液冷/散热,2026-04-09,2026-04-24,71.48,73.11,2.28,11,signal
300499,高澜股份,液冷/散热,2024-09-24,2024-10-16,9.48,10.68,12.65,11,signal
300499,高澜股份,液冷/散热,2025-11-17,2026-01-20,27.11,29.48,8.74,44,signal
300499,高澜股份,液冷/散热,2026-06-17,2026-06-30,38.58,37.77,-2.1,8,signal
301018,申菱环境,液冷/散热,2025-04-11,2025-05-16,23.71,25.84,9.01,22,signal
301018,申菱环境,液冷/散热,2025-11-14,2025-12-04,38.74,35.77,-7.67,14,signal
002272,川润股份,液冷/散热,2024-12-23,2025-01-02,10.74,9.13,-14.99,7,signal
002272,川润股份,液冷/散热,2025-01-16,2025-03-03,8.79,10.24,16.5,26,signal
002272,川润股份,液冷/散热,2025-04-14,2025-05-22,9.04,10.17,12.5,25,signal
002272,川润股份,液冷/散热,2025-10-29,2025-11-11,16.11,15.43,-4.22,9,signal
002272,川润股份,液冷/散热,2025-11-26,2026-01-14,14.04,16.08,14.53,33,signal
601138,工业富联,AI服务器,2024-08-01,2024-08-06,22.42,19.26,-14.09,3,signal
601138,工业富联,AI服务器,2024-08-14,2024-09-05,19.83,17.89,-9.78,16,signal
601138,工业富联,AI服务器,2024-09-13,2024-10-17,18.28,22.74,24.4,17,signal
601138,工业富联,AI服务器,2024-12-19,2024-12-31,21.22,20.53,-3.25,8,signal
601138,工业富联,AI服务器,2025-01-15,2025-02-06,19.17,19.34,0.89,10,signal
601138,工业富联,AI服务器,2025-04-10,2025-05-26,16.99,17.79,4.71,29,signal
601138,工业富联,AI服务器,2025-12-04,2025-12-16,61.07,58.62,-4.01,8,signal
601138,工业富联,AI服务器,2026-02-11,2026-03-09,55.2,52.76,-4.42,12,signal
601138,工业富联,AI服务器,2026-03-26,2026-05-06,49.74,63.08,26.82,25,signal
000977,浪潮信息,AI服务器,2024-08-30,2024-10-25,32.18,43.0,33.62,33,signal
000977,浪潮信息,AI服务器,2025-04-11,2025-05-22,47.62,49.34,3.61,26,signal
000977,浪潮信息,AI服务器,2025-11-26,2025-12-19,63.52,61.58,-3.05,17,signal
603019,中科曙光,AI服务器,2024-09-03,2024-09-09,35.13,33.46,-4.75,4,signal
603019,中科曙光,AI服务器,2025-01-17,2025-03-03,63.7,69.76,9.51,25,signal
603019,中科曙光,AI服务器,2025-04-09,2025-04-24,63.88,61.33,-3.99,11,signal
603019,中科曙光,AI服务器,2025-11-27,2025-12-11,98.68,88.57,-10.25,10,signal
603019,中科曙光,AI服务器,2025-12-24,2026-01-27,86.7,92.33,6.49,22,signal
603019,中科曙光,AI服务器,2026-04-09,2026-05-15,82.92,94.08,13.46,23,signal
000034,神州数码,AI服务器,2025-04-14,2025-05-16,26.34,27.8,5.57,21,signal
000034,神州数码,AI服务器,2025-06-25,2025-08-11,26.72,28.45,6.47,33,signal
000034,神州数码,AI服务器,2025-12-24,2026-01-20,27.25,28.37,4.11,17,signal
000034,神州数码,AI服务器,2026-04-10,2026-05-22,25.17,28.3,12.44,27,signal
300442,润泽科技,算力/IDC/算力租赁,2024-08-01,2024-09-06,21.17,21.18,0.05,26,signal
300442,润泽科技,算力/IDC/算力租赁,2025-04-10,2025-04-25,52.02,45.27,-12.98,11,signal
300442,润泽科技,算力/IDC/算力租赁,2025-06-05,2025-07-10,44.26,46.15,4.27,25,signal
300442,润泽科技,算力/IDC/算力租赁,2025-10-28,2025-11-12,47.22,47.2,-0.04,11,signal
300442,润泽科技,算力/IDC/算力租赁,2026-06-17,2026-06-29,81.17,76.2,-6.12,7,signal
300383,光环新网,算力/IDC/算力租赁,2024-08-19,2024-08-28,7.96,7.57,-4.9,7,signal
300383,光环新网,算力/IDC/算力租赁,2025-04-14,2025-04-23,15.12,13.48,-10.85,7,signal
300383,光环新网,算力/IDC/算力租赁,2025-05-06,2025-05-19,15.09,13.81,-8.48,9,signal
300383,光环新网,算力/IDC/算力租赁,2025-06-25,2025-07-23,13.72,14.88,8.45,20,signal
300383,光环新网,算力/IDC/算力租赁,2025-10-29,2025-11-24,13.34,12.72,-4.65,18,signal
600602,云赛智联,算力/IDC/算力租赁,2024-08-29,2024-10-25,9.52,14.76,55.07,34,signal
600602,云赛智联,算力/IDC/算力租赁,2024-12-31,2025-01-06,15.78,13.24,-16.1,3,signal
600602,云赛智联,算力/IDC/算力租赁,2025-01-16,2025-03-03,13.12,21.82,66.41,26,signal
600602,云赛智联,算力/IDC/算力租赁,2025-06-25,2025-07-30,20.02,22.09,10.37,25,signal
600602,云赛智联,算力/IDC/算力租赁,2025-10-27,2025-11-10,19.31,19.27,-0.21,10,signal
600602,云赛智联,算力/IDC/算力租赁,2025-11-25,2025-12-04,19.04,18.01,-5.41,7,signal
600602,云赛智联,算力/IDC/算力租赁,2025-12-22,2026-01-20,17.69,19.31,9.16,19,signal
600602,云赛智联,算力/IDC/算力租赁,2026-06-15,2026-06-29,17.67,15.45,-12.56,9,signal
300846,首都在线,算力/IDC/算力租赁,2025-04-30,2025-05-22,19.61,18.85,-3.88,13,signal
300846,首都在线,算力/IDC/算力租赁,2025-11-19,2025-12-03,20.42,19.58,-4.11,10,signal
300846,首都在线,算力/IDC/算力租赁,2025-12-22,2026-01-19,19.84,22.74,14.62,18,signal
300846,首都在线,算力/IDC/算力租赁,2026-05-07,2026-05-21,30.8,29.01,-5.81,10,signal
300846,首都在线,算力/IDC/算力租赁,2026-06-16,2026-06-29,22.63,20.03,-11.49,8,signal
600588,用友网络,云计算,2024-08-29,2024-10-16,8.44,10.72,27.01,27,signal
600588,用友网络,云计算,2025-01-14,2025-02-25,10.26,16.1,56.92,24,signal
600588,用友网络,云计算,2025-04-16,2025-05-16,13.59,13.33,-1.91,19,signal
600588,用友网络,云计算,2025-06-26,2025-07-04,13.16,12.83,-2.51,6,signal
600588,用友网络,云计算,2025-12-22,2026-01-20,12.69,15.15,19.39,19,signal
600588,用友网络,云计算,2026-03-30,2026-04-29,11.73,11.72,-0.09,21,signal
600588,用友网络,云计算,2026-06-01,2026-06-11,11.41,9.9,-13.23,8,signal
600845,宝信软件,云计算,2024-08-30,2024-09-20,28.45,27.68,-2.71,13,signal
600845,宝信软件,云计算,2024-11-08,2024-11-19,28.73,26.97,-6.13,7,signal
600845,宝信软件,云计算,2025-04-11,2025-04-16,26.63,25.85,-2.93,3,signal
600845,宝信软件,云计算,2025-05-06,2025-05-20,26.45,25.36,-4.12,10,signal
600845,宝信软件,云计算,2025-06-05,2025-06-16,24.85,23.57,-5.15,7,signal
600845,宝信软件,云计算,2025-06-25,2025-07-31,23.43,24.51,4.61,26,signal
600845,宝信软件,云计算,2025-09-25,2025-10-20,23.53,22.51,-4.33,11,signal
600845,宝信软件,云计算,2025-10-30,2025-11-20,22.6,22.32,-1.24,15,signal
600845,宝信软件,云计算,2025-12-05,2025-12-10,20.69,20.45,-1.16,3,signal
600845,宝信软件,云计算,2025-12-19,2026-01-21,19.93,23.05,15.65,21,signal
600845,宝信软件,云计算,2026-06-22,2026-06-25,18.07,17.08,-5.48,3,signal
002230,科大讯飞,大模型/AI应用/AIGC,2024-08-26,2024-10-16,33.9,42.14,24.31,30,signal
002230,科大讯飞,大模型/AI应用/AIGC,2025-01-16,2025-02-27,48.06,54.22,12.82,24,signal
002230,科大讯飞,大模型/AI应用/AIGC,2025-04-10,2025-05-22,44.06,46.35,5.2,27,signal
002230,科大讯飞,大模型/AI应用/AIGC,2025-11-27,2025-12-03,49.37,48.51,-1.74,4,signal
002230,科大讯飞,大模型/AI应用/AIGC,2025-12-12,2026-01-21,49.7,58.03,16.76,26,signal
002230,科大讯飞,大模型/AI应用/AIGC,2026-03-30,2026-04-03,46.4,45.72,-1.47,4,signal
002230,科大讯飞,大模型/AI应用/AIGC,2026-06-22,2026-06-29,43.88,39.15,-10.78,5,signal
601360,三六零,大模型/AI应用/AIGC,2024-08-30,2024-10-16,6.7,7.78,16.12,26,signal
601360,三六零,大模型/AI应用/AIGC,2025-01-14,2025-02-18,9.97,11.44,14.74,19,signal
601360,三六零,大模型/AI应用/AIGC,2025-04-10,2025-05-16,9.53,9.97,4.62,23,signal
601360,三六零,大模型/AI应用/AIGC,2025-12-31,2026-01-21,11.07,12.03,8.67,13,signal
601360,三六零,大模型/AI应用/AIGC,2026-04-09,2026-05-15,10.64,10.88,2.26,23,signal
601360,三六零,大模型/AI应用/AIGC,2026-06-16,2026-06-25,9.32,8.93,-4.18,6,signal
300418,昆仑万维,大模型/AI应用/AIGC,2024-07-31,2024-08-08,30.14,27.64,-8.29,6,signal
300418,昆仑万维,大模型/AI应用/AIGC,2024-09-05,2024-10-16,26.86,35.0,30.31,22,signal
300418,昆仑万维,大模型/AI应用/AIGC,2025-01-15,2025-02-25,36.75,40.99,11.54,23,signal
300418,昆仑万维,大模型/AI应用/AIGC,2025-04-10,2025-06-03,30.12,32.97,9.46,34,signal
300418,昆仑万维,大模型/AI应用/AIGC,2025-11-24,2025-12-03,43.16,40.3,-6.63,7,signal
300418,昆仑万维,大模型/AI应用/AIGC,2025-12-22,2026-01-20,40.02,53.25,33.06,19,signal
300418,昆仑万维,大模型/AI应用/AIGC,2026-03-27,2026-04-03,51.19,46.42,-9.32,5,signal
300624,万兴科技,大模型/AI应用/AIGC,2024-07-31,2024-08-08,48.58,44.92,-7.53,6,signal
300624,万兴科技,大模型/AI应用/AIGC,2024-08-29,2024-10-24,39.82,61.02,53.24,33,signal
300624,万兴科技,大模型/AI应用/AIGC,2025-01-17,2025-02-19,61.59,76.6,24.37,17,signal
300624,万兴科技,大模型/AI应用/AIGC,2025-04-10,2025-05-20,54.4,60.92,11.99,25,signal
300624,万兴科技,大模型/AI应用/AIGC,2025-09-25,2025-10-14,75.28,69.89,-7.16,7,signal
300624,万兴科技,大模型/AI应用/AIGC,2025-10-28,2025-11-12,69.43,68.24,-1.71,11,signal
300624,万兴科技,大模型/AI应用/AIGC,2025-12-26,2026-01-21,67.45,91.5,35.66,16,signal
300624,万兴科技,大模型/AI应用/AIGC,2026-03-27,2026-04-29,68.7,64.0,-6.84,22,signal
300624,万兴科技,大模型/AI应用/AIGC,2026-06-17,2026-06-29,53.29,50.62,-5.01,7,signal
300496,中科创达,AIPC/端侧AI,2024-07-31,2024-08-06,45.01,41.79,-7.15,4,signal
300496,中科创达,AIPC/端侧AI,2024-08-16,2024-08-27,40.41,31.93,-20.98,7,signal
300496,中科创达,AIPC/端侧AI,2024-09-23,2024-10-24,35.93,59.77,66.33,18,signal
300496,中科创达,AIPC/端侧AI,2025-01-21,2025-02-19,56.95,63.61,11.69,15,signal
300496,中科创达,AIPC/端侧AI,2025-04-10,2025-05-21,50.27,55.45,10.3,26,signal
300496,中科创达,AIPC/端侧AI,2025-11-25,2025-12-11,63.6,62.16,-2.26,12,signal
300496,中科创达,AIPC/端侧AI,2026-03-12,2026-03-17,69.22,65.28,-5.68,3,signal
300496,中科创达,AIPC/端侧AI,2026-04-01,2026-04-07,59.24,56.54,-4.56,3,signal
002405,四维图新,AIPC/端侧AI,2025-01-17,2025-02-28,8.85,9.47,7.01,24,signal
002405,四维图新,AIPC/端侧AI,2025-04-11,2025-05-26,8.17,8.22,0.61,28,signal
002405,四维图新,AIPC/端侧AI,2025-11-26,2025-12-11,8.48,8.19,-3.42,11,signal
002405,四维图新,AIPC/端侧AI,2026-04-20,2026-05-18,9.27,8.92,-3.78,17,signal
